"name","n","idt","id"
"candidate 1",1,"A","1"
"candidate 10",1,"B","2"
"candidate 100",1,"C","3"
"candidate 1000",1,"D","4"
"candidate 1001",1,"E","5"
"candidate 1002",1,"F","6"
"candidate 1003",1,"G","7"
"candidate 1004",1,"H","8"
"candidate 1005",1,"I","9"
"candidate 1006",1,"J","10"
"candidate 1007",1,"K","11"
"candidate 1008",1,"L","12"
"candidate 1009",1,"M","13"
"candidate 101",1,"N","14"
"candidate 1010",1,"O","15"
"candidate 1011",1,"P","16"
"candidate 1012",1,"Q","17"
"candidate 1013",1,"R","18"
"candidate 1014",1,"S","19"
"candidate 1015",1,"T","20"
"candidate 1016",1,"U","21"
"candidate 1017",1,"V","22"
"candidate 1018",1,"W","23"
"candidate 1019",1,"X","24"
"candidate 102",1,"Y","25"
"candidate 1020",1,"Z","26"
"candidate 1021",1,NA,"27"
"candidate 1022",1,NA,"28"
"candidate 1023",1,NA,"29"
"candidate 1024",1,NA,"30"
"candidate 1025",1,NA,"31"
"candidate 1026",1,NA,"32"
"candidate 1027",1,NA,"33"
"candidate 1028",1,NA,"34"
"candidate 1029",1,NA,"35"
"candidate 103",1,NA,"36"
"candidate 1030",1,NA,"37"
"candidate 1031",1,NA,"38"
"candidate 1032",1,NA,"39"
"candidate 1033",1,NA,"40"
"candidate 1034",1,NA,"41"
"candidate 1035",1,NA,"42"
"candidate 1036",1,NA,"43"
"candidate 1037",1,NA,"44"
"candidate 1038",1,NA,"45"
"candidate 1039",1,NA,"46"
"candidate 104",1,NA,"47"
"candidate 1040",1,NA,"48"
"candidate 1041",1,NA,"49"
"candidate 1042",1,NA,"50"
"candidate 1043",1,NA,"51"
"candidate 1044",1,NA,"52"
"candidate 1045",1,NA,"53"
"candidate 1046",1,NA,"54"
"candidate 1047",1,NA,"55"
"candidate 1048",1,NA,"56"
"candidate 1049",1,NA,"57"
"candidate 105",1,NA,"58"
"candidate 1050",1,NA,"59"
"candidate 1051",1,NA,"60"
"candidate 1052",1,NA,"61"
"candidate 1053",1,NA,"62"
"candidate 1054",1,NA,"63"
"candidate 1055",1,NA,"64"
"candidate 1056",1,NA,"65"
"candidate 1057",1,NA,"66"
"candidate 1058",1,NA,"67"
"candidate 1059",1,NA,"68"
"candidate 106",1,NA,"69"
"candidate 1060",1,NA,"70"
"candidate 1061",1,NA,"71"
"candidate 1062",1,NA,"72"
"candidate 1063",1,NA,"73"
"candidate 1064",1,NA,"74"
"candidate 1065",1,NA,"75"
"candidate 1066",1,NA,"76"
"candidate 1067",1,NA,"77"
"candidate 1068",1,NA,"78"
"candidate 1069",1,NA,"79"
"candidate 107",1,NA,"80"
"candidate 1070",1,NA,"81"
"candidate 1071",1,NA,"82"
"candidate 1072",1,NA,"83"
"candidate 1073",1,NA,"84"
"candidate 1074",1,NA,"85"
"candidate 1075",1,NA,"86"
"candidate 1076",1,NA,"87"
"candidate 1077",1,NA,"88"
"candidate 1078",1,NA,"89"
"candidate 1079",1,NA,"90"
"candidate 108",1,NA,"91"
"candidate 1080",1,NA,"92"
"candidate 1081",1,NA,"93"
"candidate 1082",1,NA,"94"
"candidate 1083",1,NA,"95"
"candidate 1084",1,NA,"96"
"candidate 1085",1,NA,"97"
"candidate 1086",1,NA,"98"
"candidate 1087",1,NA,"99"
"candidate 1088",1,NA,"100"
"candidate 1089",1,NA,"101"
"candidate 109",1,NA,"102"
"candidate 1090",1,NA,"103"
"candidate 1091",1,NA,"104"
"candidate 1092",1,NA,"105"
"candidate 1093",1,NA,"106"
"candidate 1094",1,NA,"107"
"candidate 1095",1,NA,"108"
"candidate 1096",1,NA,"109"
"candidate 1097",1,NA,"110"
"candidate 1098",1,NA,"111"
"candidate 1099",1,NA,"112"
"candidate 11",1,NA,"113"
"candidate 110",1,NA,"114"
"candidate 1100",1,NA,"115"
"candidate 1101",1,NA,"116"
"candidate 1102",1,NA,"117"
"candidate 1103",1,NA,"118"
"candidate 1104",1,NA,"119"
"candidate 1105",1,NA,"120"
"candidate 1106",1,NA,"121"
"candidate 1107",1,NA,"122"
"candidate 1108",1,NA,"123"
"candidate 1109",1,NA,"124"
"candidate 111",1,NA,"125"
"candidate 1110",1,NA,"126"
"candidate 1111",1,NA,"127"
"candidate 1112",1,NA,"128"
"candidate 1113",1,NA,"129"
"candidate 1114",1,NA,"130"
"candidate 1115",1,NA,"131"
"candidate 1116",1,NA,"132"
"candidate 1117",1,NA,"133"
"candidate 1118",1,NA,"134"
"candidate 1119",1,NA,"135"
"candidate 112",1,NA,"136"
"candidate 1120",1,NA,"137"
"candidate 1121",1,NA,"138"
"candidate 1122",1,NA,"139"
"candidate 1123",1,NA,"140"
"candidate 1124",1,NA,"141"
"candidate 1125",1,NA,"142"
"candidate 1126",1,NA,"143"
"candidate 1127",1,NA,"144"
"candidate 1128",1,NA,"145"
"candidate 1129",1,NA,"146"
"candidate 113",1,NA,"147"
"candidate 1130",1,NA,"148"
"candidate 1131",1,NA,"149"
"candidate 1132",1,NA,"150"
"candidate 1133",1,NA,"151"
"candidate 1134",1,NA,"152"
"candidate 1135",1,NA,"153"
"candidate 1136",1,NA,"154"
"candidate 1137",1,NA,"155"
"candidate 1138",1,NA,"156"
"candidate 1139",1,NA,"157"
"candidate 114",1,NA,"158"
"candidate 1140",1,NA,"159"
"candidate 1141",1,NA,"160"
"candidate 1142",1,NA,"161"
"candidate 1143",1,NA,"162"
"candidate 1144",1,NA,"163"
"candidate 1145",1,NA,"164"
"candidate 1146",1,NA,"165"
"candidate 1147",1,NA,"166"
"candidate 1148",1,NA,"167"
"candidate 1149",1,NA,"168"
"candidate 115",1,NA,"169"
"candidate 1150",1,NA,"170"
"candidate 1151",1,NA,"171"
"candidate 1152",1,NA,"172"
"candidate 1153",1,NA,"173"
"candidate 1154",1,NA,"174"
"candidate 1155",1,NA,"175"
"candidate 1156",1,NA,"176"
"candidate 1157",1,NA,"177"
"candidate 1158",1,NA,"178"
"candidate 1159",1,NA,"179"
"candidate 116",1,NA,"180"
"candidate 1160",1,NA,"181"
"candidate 1161",1,NA,"182"
"candidate 1162",1,NA,"183"
"candidate 1163",1,NA,"184"
"candidate 1164",1,NA,"185"
"candidate 1165",1,NA,"186"
"candidate 1166",1,NA,"187"
"candidate 1167",1,NA,"188"
"candidate 1168",1,NA,"189"
"candidate 1169",1,NA,"190"
"candidate 117",1,NA,"191"
"candidate 1170",1,NA,"192"
"candidate 1171",1,NA,"193"
"candidate 1172",1,NA,"194"
"candidate 1173",1,NA,"195"
"candidate 1174",1,NA,"196"
"candidate 1175",1,NA,"197"
"candidate 1176",1,NA,"198"
"candidate 1177",1,NA,"199"
"candidate 1178",1,NA,"200"
"candidate 1179",1,NA,"201"
"candidate 118",1,NA,"202"
"candidate 1180",1,NA,"203"
"candidate 1181",1,NA,"204"
"candidate 1182",1,NA,"205"
"candidate 1183",1,NA,"206"
"candidate 1184",1,NA,"207"
"candidate 1185",1,NA,"208"
"candidate 1186",1,NA,"209"
"candidate 1187",1,NA,"210"
"candidate 1188",1,NA,"211"
"candidate 1189",1,NA,"212"
"candidate 119",1,NA,"213"
"candidate 1190",1,NA,"214"
"candidate 1191",1,NA,"215"
"candidate 1192",1,NA,"216"
"candidate 1193",1,NA,"217"
"candidate 1194",1,NA,"218"
"candidate 1195",1,NA,"219"
"candidate 1196",1,NA,"220"
"candidate 1197",1,NA,"221"
"candidate 1198",1,NA,"222"
"candidate 1199",1,NA,"223"
"candidate 12",1,NA,"224"
"candidate 120",1,NA,"225"
"candidate 1200",1,NA,"226"
"candidate 1201",1,NA,"227"
"candidate 1202",1,NA,"228"
"candidate 1203",1,NA,"229"
"candidate 1204",1,NA,"230"
"candidate 1205",1,NA,"231"
"candidate 1206",1,NA,"232"
"candidate 1207",1,NA,"233"
"candidate 1208",1,NA,"234"
"candidate 1209",1,NA,"235"
"candidate 121",1,NA,"236"
"candidate 1210",1,NA,"237"
"candidate 1211",1,NA,"238"
"candidate 1212",1,NA,"239"
"candidate 1213",1,NA,"240"
"candidate 1214",1,NA,"241"
"candidate 1215",1,NA,"242"
"candidate 1216",1,NA,"243"
"candidate 1217",1,NA,"244"
"candidate 1218",1,NA,"245"
"candidate 1219",1,NA,"246"
"candidate 122",1,NA,"247"
"candidate 1220",1,NA,"248"
"candidate 1221",1,NA,"249"
"candidate 1222",1,NA,"250"
"candidate 1223",1,NA,"251"
"candidate 1224",1,NA,"252"
"candidate 1225",1,NA,"253"
"candidate 1226",1,NA,"254"
"candidate 1227",1,NA,"255"
"candidate 1228",1,NA,"256"
"candidate 1229",1,NA,"257"
"candidate 123",1,NA,"258"
"candidate 1230",1,NA,"259"
"candidate 1231",1,NA,"260"
"candidate 1232",1,NA,"261"
"candidate 1233",1,NA,"262"
"candidate 124",1,NA,"263"
"candidate 125",1,NA,"264"
"candidate 126",1,NA,"265"
"candidate 127",1,NA,"266"
"candidate 128",1,NA,"267"
"candidate 129",1,NA,"268"
"candidate 13",1,NA,"269"
"candidate 130",1,NA,"270"
"candidate 131",1,NA,"271"
"candidate 132",1,NA,"272"
"candidate 133",1,NA,"273"
"candidate 134",1,NA,"274"
"candidate 135",1,NA,"275"
"candidate 136",1,NA,"276"
"candidate 137",1,NA,"277"
"candidate 138",1,NA,"278"
"candidate 139",1,NA,"279"
"candidate 14",1,NA,"280"
"candidate 140",1,NA,"281"
"candidate 141",1,NA,"282"
"candidate 142",1,NA,"283"
"candidate 143",1,NA,"284"
"candidate 144",1,NA,"285"
"candidate 145",1,NA,"286"
"candidate 146",1,NA,"287"
"candidate 147",1,NA,"288"
"candidate 148",1,NA,"289"
"candidate 149",1,NA,"290"
"candidate 15",1,NA,"291"
"candidate 150",1,NA,"292"
"candidate 151",1,NA,"293"
"candidate 152",1,NA,"294"
"candidate 153",1,NA,"295"
"candidate 154",1,NA,"296"
"candidate 155",1,NA,"297"
"candidate 156",1,NA,"298"
"candidate 157",1,NA,"299"
"candidate 158",1,NA,"300"
"candidate 159",1,NA,"301"
"candidate 16",1,NA,"302"
"candidate 160",1,NA,"303"
"candidate 161",1,NA,"304"
"candidate 162",1,NA,"305"
"candidate 163",1,NA,"306"
"candidate 164",1,NA,"307"
"candidate 165",1,NA,"308"
"candidate 166",1,NA,"309"
"candidate 167",1,NA,"310"
"candidate 168",1,NA,"311"
"candidate 169",1,NA,"312"
"candidate 17",1,NA,"313"
"candidate 170",1,NA,"314"
"candidate 171",1,NA,"315"
"candidate 172",1,NA,"316"
"candidate 173",1,NA,"317"
"candidate 174",1,NA,"318"
"candidate 175",1,NA,"319"
"candidate 176",1,NA,"320"
"candidate 177",1,NA,"321"
"candidate 178",1,NA,"322"
"candidate 179",1,NA,"323"
"candidate 18",1,NA,"324"
"candidate 180",1,NA,"325"
"candidate 181",1,NA,"326"
"candidate 182",1,NA,"327"
"candidate 183",1,NA,"328"
"candidate 184",1,NA,"329"
"candidate 185",1,NA,"330"
"candidate 186",1,NA,"331"
"candidate 187",1,NA,"332"
"candidate 188",1,NA,"333"
"candidate 189",1,NA,"334"
"candidate 19",1,NA,"335"
"candidate 190",1,NA,"336"
"candidate 191",1,NA,"337"
"candidate 192",1,NA,"338"
"candidate 193",1,NA,"339"
"candidate 194",1,NA,"340"
"candidate 195",1,NA,"341"
"candidate 196",1,NA,"342"
"candidate 197",1,NA,"343"
"candidate 198",1,NA,"344"
"candidate 199",1,NA,"345"
"candidate 2",1,NA,"346"
"candidate 20",1,NA,"347"
"candidate 200",1,NA,"348"
"candidate 201",1,NA,"349"
"candidate 202",1,NA,"350"
"candidate 203",1,NA,"351"
"candidate 204",1,NA,"352"
"candidate 205",1,NA,"353"
"candidate 206",1,NA,"354"
"candidate 207",1,NA,"355"
"candidate 208",1,NA,"356"
"candidate 209",1,NA,"357"
"candidate 21",1,NA,"358"
"candidate 210",1,NA,"359"
"candidate 211",1,NA,"360"
"candidate 212",1,NA,"361"
"candidate 213",1,NA,"362"
"candidate 214",1,NA,"363"
"candidate 215",1,NA,"364"
"candidate 216",1,NA,"365"
"candidate 217",1,NA,"366"
"candidate 218",1,NA,"367"
"candidate 219",1,NA,"368"
"candidate 22",1,NA,"369"
"candidate 220",1,NA,"370"
"candidate 221",1,NA,"371"
"candidate 222",1,NA,"372"
"candidate 223",1,NA,"373"
"candidate 224",1,NA,"374"
"candidate 225",1,NA,"375"
"candidate 226",1,NA,"376"
"candidate 227",1,NA,"377"
"candidate 228",1,NA,"378"
"candidate 229",1,NA,"379"
"candidate 23",1,NA,"380"
"candidate 230",1,NA,"381"
"candidate 231",1,NA,"382"
"candidate 232",1,NA,"383"
"candidate 233",1,NA,"384"
"candidate 234",1,NA,"385"
"candidate 235",1,NA,"386"
"candidate 236",1,NA,"387"
"candidate 237",1,NA,"388"
"candidate 238",1,NA,"389"
"candidate 239",1,NA,"390"
"candidate 24",1,NA,"391"
"candidate 240",1,NA,"392"
"candidate 241",1,NA,"393"
"candidate 242",1,NA,"394"
"candidate 243",1,NA,"395"
"candidate 244",1,NA,"396"
"candidate 245",1,NA,"397"
"candidate 246",1,NA,"398"
"candidate 247",1,NA,"399"
"candidate 248",1,NA,"400"
"candidate 249",1,NA,"401"
"candidate 25",1,NA,"402"
"candidate 250",1,NA,"403"
"candidate 251",1,NA,"404"
"candidate 252",1,NA,"405"
"candidate 253",1,NA,"406"
"candidate 254",1,NA,"407"
"candidate 255",1,NA,"408"
"candidate 256",1,NA,"409"
"candidate 257",1,NA,"410"
"candidate 258",1,NA,"411"
"candidate 259",1,NA,"412"
"candidate 26",1,NA,"413"
"candidate 260",1,NA,"414"
"candidate 261",1,NA,"415"
"candidate 262",1,NA,"416"
"candidate 263",1,NA,"417"
"candidate 264",1,NA,"418"
"candidate 265",1,NA,"419"
"candidate 266",1,NA,"420"
"candidate 267",1,NA,"421"
"candidate 268",1,NA,"422"
"candidate 269",1,NA,"423"
"candidate 27",1,NA,"424"
"candidate 270",1,NA,"425"
"candidate 271",1,NA,"426"
"candidate 272",1,NA,"427"
"candidate 273",1,NA,"428"
"candidate 274",1,NA,"429"
"candidate 275",1,NA,"430"
"candidate 276",1,NA,"431"
"candidate 277",1,NA,"432"
"candidate 278",1,NA,"433"
"candidate 279",1,NA,"434"
"candidate 28",1,NA,"435"
"candidate 280",1,NA,"436"
"candidate 281",1,NA,"437"
"candidate 282",1,NA,"438"
"candidate 283",1,NA,"439"
"candidate 284",1,NA,"440"
"candidate 285",1,NA,"441"
"candidate 286",1,NA,"442"
"candidate 287",1,NA,"443"
"candidate 288",1,NA,"444"
"candidate 289",1,NA,"445"
"candidate 29",1,NA,"446"
"candidate 290",1,NA,"447"
"candidate 291",1,NA,"448"
"candidate 292",1,NA,"449"
"candidate 293",1,NA,"450"
"candidate 294",1,NA,"451"
"candidate 295",1,NA,"452"
"candidate 296",1,NA,"453"
"candidate 297",1,NA,"454"
"candidate 298",1,NA,"455"
"candidate 299",1,NA,"456"
"candidate 3",1,NA,"457"
"candidate 30",1,NA,"458"
"candidate 300",1,NA,"459"
"candidate 301",1,NA,"460"
"candidate 302",1,NA,"461"
"candidate 303",1,NA,"462"
"candidate 304",1,NA,"463"
"candidate 305",1,NA,"464"
"candidate 306",1,NA,"465"
"candidate 307",1,NA,"466"
"candidate 308",1,NA,"467"
"candidate 309",1,NA,"468"
"candidate 31",1,NA,"469"
"candidate 310",1,NA,"470"
"candidate 311",1,NA,"471"
"candidate 312",1,NA,"472"
"candidate 313",1,NA,"473"
"candidate 314",1,NA,"474"
"candidate 315",1,NA,"475"
"candidate 316",1,NA,"476"
"candidate 317",1,NA,"477"
"candidate 318",1,NA,"478"
"candidate 319",1,NA,"479"
"candidate 32",1,NA,"480"
"candidate 320",1,NA,"481"
"candidate 321",1,NA,"482"
"candidate 322",1,NA,"483"
"candidate 323",1,NA,"484"
"candidate 324",1,NA,"485"
"candidate 325",1,NA,"486"
"candidate 326",1,NA,"487"
"candidate 327",1,NA,"488"
"candidate 328",1,NA,"489"
"candidate 329",1,NA,"490"
"candidate 33",1,NA,"491"
"candidate 330",1,NA,"492"
"candidate 331",1,NA,"493"
"candidate 332",1,NA,"494"
"candidate 333",1,NA,"495"
"candidate 334",1,NA,"496"
"candidate 335",1,NA,"497"
"candidate 336",1,NA,"498"
"candidate 337",1,NA,"499"
"candidate 338",1,NA,"500"
"candidate 339",1,NA,"501"
"candidate 34",1,NA,"502"
"candidate 340",1,NA,"503"
"candidate 341",1,NA,"504"
"candidate 342",1,NA,"505"
"candidate 343",1,NA,"506"
"candidate 344",1,NA,"507"
"candidate 345",1,NA,"508"
"candidate 346",1,NA,"509"
"candidate 347",1,NA,"510"
"candidate 348",1,NA,"511"
"candidate 349",1,NA,"512"
"candidate 35",1,NA,"513"
"candidate 350",1,NA,"514"
"candidate 351",1,NA,"515"
"candidate 352",1,NA,"516"
"candidate 353",1,NA,"517"
"candidate 354",1,NA,"518"
"candidate 355",1,NA,"519"
"candidate 356",1,NA,"520"
"candidate 357",1,NA,"521"
"candidate 358",1,NA,"522"
"candidate 359",1,NA,"523"
"candidate 36",1,NA,"524"
"candidate 360",1,NA,"525"
"candidate 361",1,NA,"526"
"candidate 362",1,NA,"527"
"candidate 363",1,NA,"528"
"candidate 364",1,NA,"529"
"candidate 365",1,NA,"530"
"candidate 366",1,NA,"531"
"candidate 367",1,NA,"532"
"candidate 368",1,NA,"533"
"candidate 369",1,NA,"534"
"candidate 37",1,NA,"535"
"candidate 370",1,NA,"536"
"candidate 371",1,NA,"537"
"candidate 372",1,NA,"538"
"candidate 373",1,NA,"539"
"candidate 374",1,NA,"540"
"candidate 375",1,NA,"541"
"candidate 376",1,NA,"542"
"candidate 377",1,NA,"543"
"candidate 378",1,NA,"544"
"candidate 379",1,NA,"545"
"candidate 38",1,NA,"546"
"candidate 380",1,NA,"547"
"candidate 381",1,NA,"548"
"candidate 382",1,NA,"549"
"candidate 383",1,NA,"550"
"candidate 384",1,NA,"551"
"candidate 385",1,NA,"552"
"candidate 386",1,NA,"553"
"candidate 387",1,NA,"554"
"candidate 388",1,NA,"555"
"candidate 389",1,NA,"556"
"candidate 39",1,NA,"557"
"candidate 390",1,NA,"558"
"candidate 391",1,NA,"559"
"candidate 392",1,NA,"560"
"candidate 393",1,NA,"561"
"candidate 394",1,NA,"562"
"candidate 395",1,NA,"563"
"candidate 396",1,NA,"564"
"candidate 397",1,NA,"565"
"candidate 398",1,NA,"566"
"candidate 399",1,NA,"567"
"candidate 4",1,NA,"568"
"candidate 40",1,NA,"569"
"candidate 400",1,NA,"570"
"candidate 401",1,NA,"571"
"candidate 402",1,NA,"572"
"candidate 403",1,NA,"573"
"candidate 404",1,NA,"574"
"candidate 405",1,NA,"575"
"candidate 406",1,NA,"576"
"candidate 407",1,NA,"577"
"candidate 408",1,NA,"578"
"candidate 409",1,NA,"579"
"candidate 41",1,NA,"580"
"candidate 410",1,NA,"581"
"candidate 411",1,NA,"582"
"candidate 412",1,NA,"583"
"candidate 413",1,NA,"584"
"candidate 414",1,NA,"585"
"candidate 415",1,NA,"586"
"candidate 416",1,NA,"587"
"candidate 417",1,NA,"588"
"candidate 418",1,NA,"589"
"candidate 419",1,NA,"590"
"candidate 42",1,NA,"591"
"candidate 420",1,NA,"592"
"candidate 421",1,NA,"593"
"candidate 422",1,NA,"594"
"candidate 423",1,NA,"595"
"candidate 424",1,NA,"596"
"candidate 425",1,NA,"597"
"candidate 426",1,NA,"598"
"candidate 427",1,NA,"599"
"candidate 428",1,NA,"600"
"candidate 429",1,NA,"601"
"candidate 43",1,NA,"602"
"candidate 430",1,NA,"603"
"candidate 431",1,NA,"604"
"candidate 432",1,NA,"605"
"candidate 433",1,NA,"606"
"candidate 434",1,NA,"607"
"candidate 435",1,NA,"608"
"candidate 436",1,NA,"609"
"candidate 437",1,NA,"610"
"candidate 438",1,NA,"611"
"candidate 439",1,NA,"612"
"candidate 44",1,NA,"613"
"candidate 440",1,NA,"614"
"candidate 441",1,NA,"615"
"candidate 442",1,NA,"616"
"candidate 443",1,NA,"617"
"candidate 444",1,NA,"618"
"candidate 445",1,NA,"619"
"candidate 446",1,NA,"620"
"candidate 447",1,NA,"621"
"candidate 448",1,NA,"622"
"candidate 449",1,NA,"623"
"candidate 45",1,NA,"624"
"candidate 450",1,NA,"625"
"candidate 451",1,NA,"626"
"candidate 452",1,NA,"627"
"candidate 453",1,NA,"628"
"candidate 454",1,NA,"629"
"candidate 455",1,NA,"630"
"candidate 456",1,NA,"631"
"candidate 457",1,NA,"632"
"candidate 458",1,NA,"633"
"candidate 459",1,NA,"634"
"candidate 46",1,NA,"635"
"candidate 460",1,NA,"636"
"candidate 461",1,NA,"637"
"candidate 462",1,NA,"638"
"candidate 463",1,NA,"639"
"candidate 464",1,NA,"640"
"candidate 465",1,NA,"641"
"candidate 466",1,NA,"642"
"candidate 467",1,NA,"643"
"candidate 468",1,NA,"644"
"candidate 469",1,NA,"645"
"candidate 47",1,NA,"646"
"candidate 470",1,NA,"647"
"candidate 471",1,NA,"648"
"candidate 472",1,NA,"649"
"candidate 473",1,NA,"650"
"candidate 474",1,NA,"651"
"candidate 475",1,NA,"652"
"candidate 476",1,NA,"653"
"candidate 477",1,NA,"654"
"candidate 478",1,NA,"655"
"candidate 479",1,NA,"656"
"candidate 48",1,NA,"657"
"candidate 480",1,NA,"658"
"candidate 481",1,NA,"659"
"candidate 482",1,NA,"660"
"candidate 483",1,NA,"661"
"candidate 484",1,NA,"662"
"candidate 485",1,NA,"663"
"candidate 486",1,NA,"664"
"candidate 487",1,NA,"665"
"candidate 488",1,NA,"666"
"candidate 489",1,NA,"667"
"candidate 49",1,NA,"668"
"candidate 490",1,NA,"669"
"candidate 491",1,NA,"670"
"candidate 492",1,NA,"671"
"candidate 493",1,NA,"672"
"candidate 494",1,NA,"673"
"candidate 495",1,NA,"674"
"candidate 496",1,NA,"675"
"candidate 497",1,NA,"676"
"candidate 498",1,NA,"677"
"candidate 499",1,NA,"678"
"candidate 5",1,NA,"679"
"candidate 50",1,NA,"680"
"candidate 500",1,NA,"681"
"candidate 501",1,NA,"682"
"candidate 502",1,NA,"683"
"candidate 503",1,NA,"684"
"candidate 504",1,NA,"685"
"candidate 505",1,NA,"686"
"candidate 506",1,NA,"687"
"candidate 507",1,NA,"688"
"candidate 508",1,NA,"689"
"candidate 509",1,NA,"690"
"candidate 51",1,NA,"691"
"candidate 510",1,NA,"692"
"candidate 511",1,NA,"693"
"candidate 512",1,NA,"694"
"candidate 513",1,NA,"695"
"candidate 514",1,NA,"696"
"candidate 515",1,NA,"697"
"candidate 516",1,NA,"698"
"candidate 517",1,NA,"699"
"candidate 518",1,NA,"700"
"candidate 519",1,NA,"701"
"candidate 52",1,NA,"702"
"candidate 520",1,NA,"703"
"candidate 521",1,NA,"704"
"candidate 522",1,NA,"705"
"candidate 523",1,NA,"706"
"candidate 524",1,NA,"707"
"candidate 525",1,NA,"708"
"candidate 526",1,NA,"709"
"candidate 527",1,NA,"710"
"candidate 528",1,NA,"711"
"candidate 529",1,NA,"712"
"candidate 53",1,NA,"713"
"candidate 530",1,NA,"714"
"candidate 531",1,NA,"715"
"candidate 532",1,NA,"716"
"candidate 533",1,NA,"717"
"candidate 534",1,NA,"718"
"candidate 535",1,NA,"719"
"candidate 536",1,NA,"720"
"candidate 537",1,NA,"721"
"candidate 538",1,NA,"722"
"candidate 539",1,NA,"723"
"candidate 54",1,NA,"724"
"candidate 540",1,NA,"725"
"candidate 541",1,NA,"726"
"candidate 542",1,NA,"727"
"candidate 543",1,NA,"728"
"candidate 544",1,NA,"729"
"candidate 545",1,NA,"730"
"candidate 546",1,NA,"731"
"candidate 547",1,NA,"732"
"candidate 548",1,NA,"733"
"candidate 549",1,NA,"734"
"candidate 55",1,NA,"735"
"candidate 550",1,NA,"736"
"candidate 551",1,NA,"737"
"candidate 552",1,NA,"738"
"candidate 553",1,NA,"739"
"candidate 554",1,NA,"740"
"candidate 555",1,NA,"741"
"candidate 556",1,NA,"742"
"candidate 557",1,NA,"743"
"candidate 558",1,NA,"744"
"candidate 559",1,NA,"745"
"candidate 56",1,NA,"746"
"candidate 560",1,NA,"747"
"candidate 561",1,NA,"748"
"candidate 562",1,NA,"749"
"candidate 563",1,NA,"750"
"candidate 564",1,NA,"751"
"candidate 565",1,NA,"752"
"candidate 566",1,NA,"753"
"candidate 567",1,NA,"754"
"candidate 568",1,NA,"755"
"candidate 569",1,NA,"756"
"candidate 57",1,NA,"757"
"candidate 570",1,NA,"758"
"candidate 571",1,NA,"759"
"candidate 572",1,NA,"760"
"candidate 573",1,NA,"761"
"candidate 574",1,NA,"762"
"candidate 575",1,NA,"763"
"candidate 576",1,NA,"764"
"candidate 577",1,NA,"765"
"candidate 578",1,NA,"766"
"candidate 579",1,NA,"767"
"candidate 58",1,NA,"768"
"candidate 580",1,NA,"769"
"candidate 581",1,NA,"770"
"candidate 582",1,NA,"771"
"candidate 583",1,NA,"772"
"candidate 584",1,NA,"773"
"candidate 585",1,NA,"774"
"candidate 586",1,NA,"775"
"candidate 587",1,NA,"776"
"candidate 588",1,NA,"777"
"candidate 589",1,NA,"778"
"candidate 59",1,NA,"779"
"candidate 590",1,NA,"780"
"candidate 591",1,NA,"781"
"candidate 592",1,NA,"782"
"candidate 593",1,NA,"783"
"candidate 594",1,NA,"784"
"candidate 595",1,NA,"785"
"candidate 596",1,NA,"786"
"candidate 597",1,NA,"787"
"candidate 598",1,NA,"788"
"candidate 599",1,NA,"789"
"candidate 6",1,NA,"790"
"candidate 60",1,NA,"791"
"candidate 600",1,NA,"792"
"candidate 601",1,NA,"793"
"candidate 602",1,NA,"794"
"candidate 603",1,NA,"795"
"candidate 604",1,NA,"796"
"candidate 605",1,NA,"797"
"candidate 606",1,NA,"798"
"candidate 607",1,NA,"799"
"candidate 608",1,NA,"800"
"candidate 609",1,NA,"801"
"candidate 61",1,NA,"802"
"candidate 610",1,NA,"803"
"candidate 611",1,NA,"804"
"candidate 612",1,NA,"805"
"candidate 613",1,NA,"806"
"candidate 614",1,NA,"807"
"candidate 615",1,NA,"808"
"candidate 616",1,NA,"809"
"candidate 617",1,NA,"810"
"candidate 618",1,NA,"811"
"candidate 619",1,NA,"812"
"candidate 62",1,NA,"813"
"candidate 620",1,NA,"814"
"candidate 621",1,NA,"815"
"candidate 622",1,NA,"816"
"candidate 623",1,NA,"817"
"candidate 624",1,NA,"818"
"candidate 625",1,NA,"819"
"candidate 626",1,NA,"820"
"candidate 627",1,NA,"821"
"candidate 628",1,NA,"822"
"candidate 629",1,NA,"823"
"candidate 63",1,NA,"824"
"candidate 630",1,NA,"825"
"candidate 631",1,NA,"826"
"candidate 632",1,NA,"827"
"candidate 633",1,NA,"828"
"candidate 634",1,NA,"829"
"candidate 635",1,NA,"830"
"candidate 636",1,NA,"831"
"candidate 637",1,NA,"832"
"candidate 638",1,NA,"833"
"candidate 639",1,NA,"834"
"candidate 64",1,NA,"835"
"candidate 640",1,NA,"836"
"candidate 641",1,NA,"837"
"candidate 642",1,NA,"838"
"candidate 643",1,NA,"839"
"candidate 644",1,NA,"840"
"candidate 645",1,NA,"841"
"candidate 646",1,NA,"842"
"candidate 647",1,NA,"843"
"candidate 648",1,NA,"844"
"candidate 649",1,NA,"845"
"candidate 65",1,NA,"846"
"candidate 650",1,NA,"847"
"candidate 651",1,NA,"848"
"candidate 652",1,NA,"849"
"candidate 653",1,NA,"850"
"candidate 654",1,NA,"851"
"candidate 655",1,NA,"852"
"candidate 656",1,NA,"853"
"candidate 657",1,NA,"854"
"candidate 658",1,NA,"855"
"candidate 659",1,NA,"856"
"candidate 66",1,NA,"857"
"candidate 660",1,NA,"858"
"candidate 661",1,NA,"859"
"candidate 662",1,NA,"860"
"candidate 663",1,NA,"861"
"candidate 664",1,NA,"862"
"candidate 665",1,NA,"863"
"candidate 666",1,NA,"864"
"candidate 667",1,NA,"865"
"candidate 668",1,NA,"866"
"candidate 669",1,NA,"867"
"candidate 67",1,NA,"868"
"candidate 670",1,NA,"869"
"candidate 671",1,NA,"870"
"candidate 672",1,NA,"871"
"candidate 673",1,NA,"872"
"candidate 674",1,NA,"873"
"candidate 675",1,NA,"874"
"candidate 676",1,NA,"875"
"candidate 677",1,NA,"876"
"candidate 678",1,NA,"877"
"candidate 679",1,NA,"878"
"candidate 68",1,NA,"879"
"candidate 680",1,NA,"880"
"candidate 681",1,NA,"881"
"candidate 682",1,NA,"882"
"candidate 683",1,NA,"883"
"candidate 684",1,NA,"884"
"candidate 685",1,NA,"885"
"candidate 686",1,NA,"886"
"candidate 687",1,NA,"887"
"candidate 688",1,NA,"888"
"candidate 689",1,NA,"889"
"candidate 69",1,NA,"890"
"candidate 690",1,NA,"891"
"candidate 691",1,NA,"892"
"candidate 692",1,NA,"893"
"candidate 693",1,NA,"894"
"candidate 694",1,NA,"895"
"candidate 695",1,NA,"896"
"candidate 696",1,NA,"897"
"candidate 697",1,NA,"898"
"candidate 698",1,NA,"899"
"candidate 699",1,NA,"900"
"candidate 7",1,NA,"901"
"candidate 70",1,NA,"902"
"candidate 700",1,NA,"903"
"candidate 701",1,NA,"904"
"candidate 702",1,NA,"905"
"candidate 703",1,NA,"906"
"candidate 704",1,NA,"907"
"candidate 705",1,NA,"908"
"candidate 706",1,NA,"909"
"candidate 707",1,NA,"910"
"candidate 708",1,NA,"911"
"candidate 709",1,NA,"912"
"candidate 71",1,NA,"913"
"candidate 710",1,NA,"914"
"candidate 711",1,NA,"915"
"candidate 712",1,NA,"916"
"candidate 713",1,NA,"917"
"candidate 714",1,NA,"918"
"candidate 715",1,NA,"919"
"candidate 716",1,NA,"920"
"candidate 717",1,NA,"921"
"candidate 718",1,NA,"922"
"candidate 719",1,NA,"923"
"candidate 72",1,NA,"924"
"candidate 720",1,NA,"925"
"candidate 721",1,NA,"926"
"candidate 722",1,NA,"927"
"candidate 723",1,NA,"928"
"candidate 724",1,NA,"929"
"candidate 725",1,NA,"930"
"candidate 726",1,NA,"931"
"candidate 727",1,NA,"932"
"candidate 728",1,NA,"933"
"candidate 729",1,NA,"934"
"candidate 73",1,NA,"935"
"candidate 730",1,NA,"936"
"candidate 731",1,NA,"937"
"candidate 732",1,NA,"938"
"candidate 733",1,NA,"939"
"candidate 734",1,NA,"940"
"candidate 735",1,NA,"941"
"candidate 736",1,NA,"942"
"candidate 737",1,NA,"943"
"candidate 738",1,NA,"944"
"candidate 739",1,NA,"945"
"candidate 74",1,NA,"946"
"candidate 740",1,NA,"947"
"candidate 741",1,NA,"948"
"candidate 742",1,NA,"949"
"candidate 743",1,NA,"950"
"candidate 744",1,NA,"951"
"candidate 745",1,NA,"952"
"candidate 746",1,NA,"953"
"candidate 747",1,NA,"954"
"candidate 748",1,NA,"955"
"candidate 749",1,NA,"956"
"candidate 75",1,NA,"957"
"candidate 750",1,NA,"958"
"candidate 751",1,NA,"959"
"candidate 752",1,NA,"960"
"candidate 753",1,NA,"961"
"candidate 754",1,NA,"962"
"candidate 755",1,NA,"963"
"candidate 756",1,NA,"964"
"candidate 757",1,NA,"965"
"candidate 758",1,NA,"966"
"candidate 759",1,NA,"967"
"candidate 76",1,NA,"968"
"candidate 760",1,NA,"969"
"candidate 761",1,NA,"970"
"candidate 762",1,NA,"971"
"candidate 763",1,NA,"972"
"candidate 764",1,NA,"973"
"candidate 765",1,NA,"974"
"candidate 766",1,NA,"975"
"candidate 767",1,NA,"976"
"candidate 768",1,NA,"977"
"candidate 769",1,NA,"978"
"candidate 77",1,NA,"979"
"candidate 770",1,NA,"980"
"candidate 771",1,NA,"981"
"candidate 772",1,NA,"982"
"candidate 773",1,NA,"983"
"candidate 774",1,NA,"984"
"candidate 775",1,NA,"985"
"candidate 776",1,NA,"986"
"candidate 777",1,NA,"987"
"candidate 778",1,NA,"988"
"candidate 779",1,NA,"989"
"candidate 78",1,NA,"990"
"candidate 780",1,NA,"991"
"candidate 781",1,NA,"992"
"candidate 782",1,NA,"993"
"candidate 783",1,NA,"994"
"candidate 784",1,NA,"995"
"candidate 785",1,NA,"996"
"candidate 786",1,NA,"997"
"candidate 787",1,NA,"998"
"candidate 788",1,NA,"999"
"candidate 789",1,NA,"1000"
"candidate 79",1,NA,"1001"
"candidate 790",1,NA,"1002"
"candidate 791",1,NA,"1003"
"candidate 792",1,NA,"1004"
"candidate 793",1,NA,"1005"
"candidate 794",1,NA,"1006"
"candidate 795",1,NA,"1007"
"candidate 796",1,NA,"1008"
"candidate 797",1,NA,"1009"
"candidate 798",1,NA,"1010"
"candidate 799",1,NA,"1011"
"candidate 8",1,NA,"1012"
"candidate 80",1,NA,"1013"
"candidate 800",1,NA,"1014"
"candidate 801",1,NA,"1015"
"candidate 802",1,NA,"1016"
"candidate 803",1,NA,"1017"
"candidate 804",1,NA,"1018"
"candidate 805",1,NA,"1019"
"candidate 806",1,NA,"1020"
"candidate 807",1,NA,"1021"
"candidate 808",1,NA,"1022"
"candidate 809",1,NA,"1023"
"candidate 81",1,NA,"1024"
"candidate 810",1,NA,"1025"
"candidate 811",1,NA,"1026"
"candidate 812",1,NA,"1027"
"candidate 813",1,NA,"1028"
"candidate 814",1,NA,"1029"
"candidate 815",1,NA,"1030"
"candidate 816",1,NA,"1031"
"candidate 817",1,NA,"1032"
"candidate 818",1,NA,"1033"
"candidate 819",1,NA,"1034"
"candidate 82",1,NA,"1035"
"candidate 820",1,NA,"1036"
"candidate 821",1,NA,"1037"
"candidate 822",1,NA,"1038"
"candidate 823",1,NA,"1039"
"candidate 824",1,NA,"1040"
"candidate 825",1,NA,"1041"
"candidate 826",1,NA,"1042"
"candidate 827",1,NA,"1043"
"candidate 828",1,NA,"1044"
"candidate 829",1,NA,"1045"
"candidate 83",1,NA,"1046"
"candidate 830",1,NA,"1047"
"candidate 831",1,NA,"1048"
"candidate 832",1,NA,"1049"
"candidate 833",1,NA,"1050"
"candidate 834",1,NA,"1051"
"candidate 835",1,NA,"1052"
"candidate 836",1,NA,"1053"
"candidate 837",1,NA,"1054"
"candidate 838",1,NA,"1055"
"candidate 839",1,NA,"1056"
"candidate 84",1,NA,"1057"
"candidate 840",1,NA,"1058"
"candidate 841",1,NA,"1059"
"candidate 842",1,NA,"1060"
"candidate 843",1,NA,"1061"
"candidate 844",1,NA,"1062"
"candidate 845",1,NA,"1063"
"candidate 846",1,NA,"1064"
"candidate 847",1,NA,"1065"
"candidate 848",1,NA,"1066"
"candidate 849",1,NA,"1067"
"candidate 85",1,NA,"1068"
"candidate 850",1,NA,"1069"
"candidate 851",1,NA,"1070"
"candidate 852",1,NA,"1071"
"candidate 853",1,NA,"1072"
"candidate 854",1,NA,"1073"
"candidate 855",1,NA,"1074"
"candidate 856",1,NA,"1075"
"candidate 857",1,NA,"1076"
"candidate 858",1,NA,"1077"
"candidate 859",1,NA,"1078"
"candidate 86",1,NA,"1079"
"candidate 860",1,NA,"1080"
"candidate 861",1,NA,"1081"
"candidate 862",1,NA,"1082"
"candidate 863",1,NA,"1083"
"candidate 864",1,NA,"1084"
"candidate 865",1,NA,"1085"
"candidate 866",1,NA,"1086"
"candidate 867",1,NA,"1087"
"candidate 868",1,NA,"1088"
"candidate 869",1,NA,"1089"
"candidate 87",1,NA,"1090"
"candidate 870",1,NA,"1091"
"candidate 871",1,NA,"1092"
"candidate 872",1,NA,"1093"
"candidate 873",1,NA,"1094"
"candidate 874",1,NA,"1095"
"candidate 875",1,NA,"1096"
"candidate 876",1,NA,"1097"
"candidate 877",1,NA,"1098"
"candidate 878",1,NA,"1099"
"candidate 879",1,NA,"1100"
"candidate 88",1,NA,"1101"
"candidate 880",1,NA,"1102"
"candidate 881",1,NA,"1103"
"candidate 882",1,NA,"1104"
"candidate 883",1,NA,"1105"
"candidate 884",1,NA,"1106"
"candidate 885",1,NA,"1107"
"candidate 886",1,NA,"1108"
"candidate 887",1,NA,"1109"
"candidate 888",1,NA,"1110"
"candidate 889",1,NA,"1111"
"candidate 89",1,NA,"1112"
"candidate 890",1,NA,"1113"
"candidate 891",1,NA,"1114"
"candidate 892",1,NA,"1115"
"candidate 893",1,NA,"1116"
"candidate 894",1,NA,"1117"
"candidate 895",1,NA,"1118"
"candidate 896",1,NA,"1119"
"candidate 897",1,NA,"1120"
"candidate 898",1,NA,"1121"
"candidate 899",1,NA,"1122"
"candidate 9",1,NA,"1123"
"candidate 90",1,NA,"1124"
"candidate 900",1,NA,"1125"
"candidate 901",1,NA,"1126"
"candidate 902",1,NA,"1127"
"candidate 903",1,NA,"1128"
"candidate 904",1,NA,"1129"
"candidate 905",1,NA,"1130"
"candidate 906",1,NA,"1131"
"candidate 907",1,NA,"1132"
"candidate 908",1,NA,"1133"
"candidate 909",1,NA,"1134"
"candidate 91",1,NA,"1135"
"candidate 910",1,NA,"1136"
"candidate 911",1,NA,"1137"
"candidate 912",1,NA,"1138"
"candidate 913",1,NA,"1139"
"candidate 914",1,NA,"1140"
"candidate 915",1,NA,"1141"
"candidate 916",1,NA,"1142"
"candidate 917",1,NA,"1143"
"candidate 918",1,NA,"1144"
"candidate 919",1,NA,"1145"
"candidate 92",1,NA,"1146"
"candidate 920",1,NA,"1147"
"candidate 921",1,NA,"1148"
"candidate 922",1,NA,"1149"
"candidate 923",1,NA,"1150"
"candidate 924",1,NA,"1151"
"candidate 925",1,NA,"1152"
"candidate 926",1,NA,"1153"
"candidate 927",1,NA,"1154"
"candidate 928",1,NA,"1155"
"candidate 929",1,NA,"1156"
"candidate 93",1,NA,"1157"
"candidate 930",1,NA,"1158"
"candidate 931",1,NA,"1159"
"candidate 932",1,NA,"1160"
"candidate 933",1,NA,"1161"
"candidate 934",1,NA,"1162"
"candidate 935",1,NA,"1163"
"candidate 936",1,NA,"1164"
"candidate 937",1,NA,"1165"
"candidate 938",1,NA,"1166"
"candidate 939",1,NA,"1167"
"candidate 94",1,NA,"1168"
"candidate 940",1,NA,"1169"
"candidate 941",1,NA,"1170"
"candidate 942",1,NA,"1171"
"candidate 943",1,NA,"1172"
"candidate 944",1,NA,"1173"
"candidate 945",1,NA,"1174"
"candidate 946",1,NA,"1175"
"candidate 947",1,NA,"1176"
"candidate 948",1,NA,"1177"
"candidate 949",1,NA,"1178"
"candidate 95",1,NA,"1179"
"candidate 950",1,NA,"1180"
"candidate 951",1,NA,"1181"
"candidate 952",1,NA,"1182"
"candidate 953",1,NA,"1183"
"candidate 954",1,NA,"1184"
"candidate 955",1,NA,"1185"
"candidate 956",1,NA,"1186"
"candidate 957",1,NA,"1187"
"candidate 958",1,NA,"1188"
"candidate 959",1,NA,"1189"
"candidate 96",1,NA,"1190"
"candidate 960",1,NA,"1191"
"candidate 961",1,NA,"1192"
"candidate 962",1,NA,"1193"
"candidate 963",1,NA,"1194"
"candidate 964",1,NA,"1195"
"candidate 965",1,NA,"1196"
"candidate 966",1,NA,"1197"
"candidate 967",1,NA,"1198"
"candidate 968",1,NA,"1199"
"candidate 969",1,NA,"1200"
"candidate 97",1,NA,"1201"
"candidate 970",1,NA,"1202"
"candidate 971",1,NA,"1203"
"candidate 972",1,NA,"1204"
"candidate 973",1,NA,"1205"
"candidate 974",1,NA,"1206"
"candidate 975",1,NA,"1207"
"candidate 976",1,NA,"1208"
"candidate 977",1,NA,"1209"
"candidate 978",1,NA,"1210"
"candidate 979",1,NA,"1211"
"candidate 98",1,NA,"1212"
"candidate 980",1,NA,"1213"
"candidate 981",1,NA,"1214"
"candidate 982",1,NA,"1215"
"candidate 983",1,NA,"1216"
"candidate 984",1,NA,"1217"
"candidate 985",1,NA,"1218"
"candidate 986",1,NA,"1219"
"candidate 987",1,NA,"1220"
"candidate 988",1,NA,"1221"
"candidate 989",1,NA,"1222"
"candidate 99",1,NA,"1223"
"candidate 990",1,NA,"1224"
"candidate 991",1,NA,"1225"
"candidate 992",1,NA,"1226"
"candidate 993",1,NA,"1227"
"candidate 994",1,NA,"1228"
"candidate 995",1,NA,"1229"
"candidate 996",1,NA,"1230"
"candidate 997",1,NA,"1231"
"candidate 998",1,NA,"1232"
"candidate 999",1,NA,"1233"
