Name_surname,Address_line_1,Address_line_2,Address_line_3,Postcode,Country
James Rhee,180 THE GROVE,STRATFORD,LONDON,E15 1NS,UNITED KINGDOM
Berry Hartfield,3 SEVEN STARS CORNER,PADDENSWICK ROAD,LONDON,W12 8ET,UNITED KINGDOM
Marylouise Woodside,The Peak,5 Wilton Road,LONDON,SW1V 1AP,UNITED KINGDOM
Lashanda Lebsock,3 MORE LONDON PLACE,LONDON BRIDGE,LONDON,SE1 2RE,UNITED KINGDOM
Cara Chicoine,VERNON HOUSE,23 SICILIAN AVENUE,LONDON,WC1A 2QS,UNITED KINGDOM
Corrina Magruder,10 BROADBENT CLOSE,HIGHGATE,LONDON,N6 5JW,UNITED KINGDOM
Maye Dunlap,SUITE 36,88-90 HATTON GARDEN,LONDON,EC1N 8PN,UNITED KINGDOM
Bryan Valente,CIVIL AVIATION AUTHORITY,45-59 KINGSWAY,LONDON,WC2B 6TE,UNITED KINGDOM
Ammie Hermosillo,KILLICK STREET,ISLINGTON,LONDON,N1 9AZ,UNITED KINGDOM
Julia Damico,BRICK COURT CHAMBERS,7-8 ESSEX ST,LONDON,WC2R 3LD,UNITED KINGDOM
Kami Kozlowski,1ST FLOOR,10 NEW STREET,LONDON,EC2M 4TP,UNITED KINGDOM
Pia Guilbault,KEATING CHAMBERS,15 ESSEX STREET,LONDON,WC2R 3AA,UNITED KINGDOM
Natacha Vargas,4 CLARENDON ROAD,SHEFFIELD,LONDON,S10 3TR,UNITED KINGDOM
Antoine Manders,ST. MARTINS COURT,10 PATERNOSTER ROW,LONDON,EC4M 7EJ,UNITED KINGDOM
Viki Terrell,"Office 83, Eurolink Business Centre",49 Effra Road,LONDON,SW2 1BZ,UNITED KINGDOM
Debi Blue,9 CLAPHAM PARK ROAD,CLAPHAM,LONDON,SW4 7EE,UNITED KINGDOM
Shela Proulx,21 GRAND PARADE,GREEN LANES,LONDON,N4 1LA,UNITED KINGDOM
Stephania Futrell,ALBERT HOUSE,47 NOTTINGHAM PLACE,LONDON,W1U 5LZ,UNITED KINGDOM
Hildred Gaskamp,CASSINI HOUSE,57-59 ST. JAMES'S STREET,LONDON,SW1A 1LD,UNITED KINGDOM
Bernice Nicklas,78 DUKE STREET,MAYFAIR,LONDON,W1K 6JQ,UNITED KINGDOM
Juliane Frederic,KEATING CHAMBERS,15 ESSEX STREET,LONDON,WC2R 3AA,UNITED KINGDOM
Michaela Shehan,ROAR HOUSE,46 CHARLOTTE STREET,LONDON,W1T 2GS,UNITED KINGDOM
Margarett Stender,UNA-UK,3 WHITEHALL COURT,LONDON,SW1A 2EL,UNITED KINGDOM
Elane Winders,2ND FLOOR,151 RYE LANE,LONDON,SE15 4TL,UNITED KINGDOM
Idella Mangan,9 GOLDHAWK ROAD,SHEPHERDS BUSH,LONDON,W12 8QQ,UNITED KINGDOM
Delisa Diede,MITRE HOUSE,160 ALDERSGATE STREET,LONDON,EC1A 4DD,UNITED KINGDOM
Yuonne Pettis,77 Catlow Hall Street,Oswaldtwistle,LONDON,BB5 3EZ,UNITED KINGDOM
Linn Seman,FLAT 3,4 KIDDERPORE GARDENS,LONDON,NW3 7SR,UNITED KINGDOM
Omar Biffle,ST. JAMES HOUSE,13 KENSINGTON SQUARE,LONDON,W8 5HD,UNITED KINGDOM
Lourie Nye,182c FAWE PARK ROAD,LONDON,LONDON,SW15 2EQ,UNITED KINGDOM
Boyd Babineau,THIRD FLOOR,180 GREAT PORTLAND STREET,LONDON,W1W 5QZ,UNITED KINGDOM
Ivelisse Overmyer,6 PUMP COURT,TEMPLE,LONDON,EC4Y 7AR,UNITED KINGDOM
Scotty Basler,12 APPOLD STREET,4TH FLOOR,LONDON,EC2A 2AW,UNITED KINGDOM
Refugia Herter,5 PERNE ROAD,CAMBRIDGE,LONDON,CB1 3RX,UNITED KINGDOM
Kortney Karle,WILLCOX HOUSE,140-148 BOROUGH HIGH STREET,LONDON,SE1 1LB,UNITED KINGDOM
Nathanial Jensen,VENUS HOUSE UNIT 3,62 GARMAN ROAD,LONDON,N17 0UT,UNITED KINGDOM
Merilyn Canterbury,PLANTATION PLACE,36 FENCHURCH STREET,LONDON,EC3M 3BD,UNITED KINGDOM
Latoria Defibaugh,KEATING CHAMBERS,15 ESSEX STREET,LONDON,WC2R 3AA,UNITED KINGDOM
Slyvia Lamothe,Apothecaries' Hall,Black Friars Lane,LONDON,EC4V 6EL,UNITED KINGDOM
Raguel Backer,2 DEFOE ROAD,STOKE NEWINGTON,LONDON,N16 0EP,UNITED KINGDOM
Jonathan Mansour,5TH FLOOR HOLBORN CENTRE,120 HOLBORN,LONDON,EC1N 2AD,UNITED KINGDOM
Hana Perrella,211 LONGLEY ROAD,TOOTING,LONDON,SW17 9LG,UNITED KINGDOM
Irene Rehn,COLVILLE HEALTH CENTRE,51 KENSINGTON PARK ROAD,LONDON,W11 1PA,UNITED KINGDOM
Rachel Mannon,14 EDGERTON DRIVE,TADCASTER,LONDON,LS24 9QW,UNITED KINGDOM
Columbus Barner,GLOUCESTER PARK,95 CROMWELL ROAD,LONDON,SW7 4DL,UNITED KINGDOM
Charity Dinkins,823 HIGH ROAD,TOTTENHAM,LONDON,N17 8ER,UNITED KINGDOM
Vicki Crunk,3RD FLOOR,11 HILL STREET,LONDON,W1J 5LF,UNITED KINGDOM
Emily Buckholz,14 FENCHURCH AVENUE,3RD FLOOR,LONDON,EC3M 5BS,UNITED KINGDOM
Kassandra Weisel,PETERBOROUGH COURT,133 FLEET STREET,LONDON,EC4A 2BB,UNITED KINGDOM
Carlton Washam,Tripwizard ltd,71-75 Shelton Street,LONDON,WC2H 9JQ,UNITED KINGDOM
Raquel Caulder,PALLADIUM HOUSE,1-4 ARGYLL STREET,LONDON,W1F 7LD,UNITED KINGDOM
Caroyln Boyster,North Wing,Thorp Arch Grange,LONDON,LS23 7BA,UNITED KINGDOM
Phung Manzella,IMPERIAL HOUSE,15 KINGSWAY,LONDON,WC2B 6UN,UNITED KINGDOM
Kelsi Raygoza,WINKWORTH,157 NEW CROSS ROAD,LONDON,SE14 5DG,UNITED KINGDOM
Tempie Aumann,CHARTERED ACCOUNTANTS HALL,MOORGATE PLACE,LONDON,EC2R 6EA,UNITED KINGDOM
Tora Osier,AMERICAN DRY CLEANING,3 CARLISLE ROAD,LONDON,NW9 0HD,UNITED KINGDOM
Malka Allbright,LLOYDS CHAMBERS,1 PORTSOKEN STREET,LONDON,E1 8HZ,UNITED KINGDOM
Talia Reynold,HUNGERFORD SCHOOL,HUNGERFORD ROAD,LONDON,N7 9LF,UNITED KINGDOM
Janeen Procter,FRIENDS HOUSE,173-177 EUSTON ROAD,LONDON,NW1 2BJ,UNITED KINGDOM
Agueda Kuehner,121 STAR LANE,CANNING TOWN,LONDON,E16 4QH,UNITED KINGDOM
Malik Voyles,3 Whins Close,26/27 BOSWELL STREET,LONDON,GU15 3NW,UNITED KINGDOM
Aron Orman,12 PENTNEY ROAD,NORTH CHINGFORD,LONDON,E4 7HB,UNITED KINGDOM
Janet Costanza,WOODSIDE AVENUE,LONDON,LONDON,N10 3JA,UNITED KINGDOM
Venita Germany,3 HARE COURT,TEMPLE,LONDON,EC4Y 7BJ,UNITED KINGDOM
Ma Faw,"22, EDWARD HENRY HOUSE",CORNWALL ROAD,LONDON,SE1 8YF,UNITED KINGDOM
Vanesa Rivard,CHAMBERS OF PAUL MENDELLE QC,25 BEDFORD ROW,LONDON,WC1R 4HD,UNITED KINGDOM
Jacinda Ravelo,BRUCE KENRICK HOUSE,2 KILLICK STREET,LONDON,N1 9FL,UNITED KINGDOM
Irmgard Auguste,4 DUNSTON ROAD,BATTERSEA,LONDON,SW11 5QU,UNITED KINGDOM
Sanjuana Carbone,3RD FLOOR,12 AUSTIN FRIARS,LONDON,EC2N 2HE,UNITED KINGDOM
Noreen Stjohn,30 CHURCH ROAD,MANOR PARK,LONDON,E12 6AQ,UNITED KINGDOM
Cinthia Liska,BUILDING 1000,THE ROYALS BUSINESS PARK,LONDON,E16 2QU,UNITED KINGDOM
Kassie Garn,12 DEVEREUX COURT,STRAND,LONDON,WC2R 3JL,UNITED KINGDOM
Jacquelyn Klausner,Rose Cottage,School Lane,LONDON,AL2 3XS,UNITED KINGDOM
Newton Sansone,64-68  BLACKHEATH ROAD,GREENWICH,LONDON,SE10 8DA,UNITED KINGDOM
Bernetta Gorham,FIRSTPOINTPRINT,27 TABARD STREET,LONDON,SE1 4LA,UNITED KINGDOM
Janiece Lehmann,Citypoint 2,25 Tyndrum Street,LONDON,G4 0JY,UNITED KINGDOM
Kimberlie Millis,HOUSE OF COMMONS,WESTMINSTER,LONDON,SW1A 0AA,UNITED KINGDOM
Theola Engberg,"4th FLOOR, CAMOMILE COURT",23 CAMOMILE STREET,LONDON,EC3A 7LL,UNITED KINGDOM
Jenifer Brand,HILLSIDE HOUSE,2-6 FRIERN PARK,LONDON,N12 9BT,UNITED KINGDOM
Elvina Blackmore,3 PUMP COURT,TEMPLE,LONDON,EC4Y 7AJ,UNITED KINGDOM
Chi Schiffer,4 ALLEYN PARK,DULWICH,LONDON,SE21 8AE,UNITED KINGDOM
Altha Ostroff,11 HAMILTON PLACE,MAYFAIR,LONDON,W1J 7DR,UNITED KINGDOM
Virgen Goebel,333 MERTON ROAD,,LONDON,SW18 5JU,UNITED KINGDOM
Kathrine Huntsberry,,HENDON LANE,LONDON,N3 1SA,UNITED KINGDOM
Anika Stiffler,5 STONE BUILDINGS,LINCOLN'S INN,LONDON,WC2A 3XT,UNITED KINGDOM
Lola Harten,2 BEDLAM MEWS,OFF WALNUT TREE WALK,LONDON,SE11 6DF,UNITED KINGDOM
Tinisha Defenbaugh,128 CAPEL ROAD,FOREST GATE,LONDON,E7 0JT,UNITED KINGDOM
Branda Lares,CITIGROUP CENTRE,33 CANADA SQUARE,LONDON,E14 5LB,UNITED KINGDOM
Brenton Federico,2ND FLOOR,22 ALDERMANS HILL,LONDON,N13 4PN,UNITED KINGDOM
Caryl Ottesen,44 SHAFTESBURY COURT,SHAFTESBURY STREET,LONDON,N1 7HN,UNITED KINGDOM
Christina Conners,22 SPENCER STREET,CARLISLE,LONDON,CA1 1BG,UNITED KINGDOM
Han Piekarski,Fenners Chambers,3 Madingley Road,LONDON,CB3 0EE,UNITED KINGDOM
Benjamin Maselli,LANGHAM HOUSE,1B PORTLAND PLACE,LONDON,W1B 1PN,UNITED KINGDOM
Lois Hammersmith,ERSKINE CHAMBERS,33 CHANCERY LANE,LONDON,WC2A 1EN,UNITED KINGDOM
Jeanna Hudgens,71 LEIGHAM COURT ROAD,STREATHAM HILL,LONDON,SW16 2NJ,UNITED KINGDOM
Chante Motto,ONE CROWN OFFICE ROW,TEMPLE,LONDON,EC4Y 9BW,UNITED KINGDOM
Malika Gering,WOOLGATE EXCHANGE,25 BASINGHALL STREET,LONDON,EC2V 5HA,UNITED KINGDOM
Jillian Mook,STRATTON HOUSE,5 STRATTON STREET,LONDON,W1J 8LA,UNITED KINGDOM
Lilly Yetman,GARDEN COURT CHAMBERS,57-60 LINCOLN'S INN FIELDS,LONDON,WC2A 3LS,UNITED KINGDOM
James Keogh,FLEET PLACE HOUSE,2 FLEET PLACE,LONDON,EC4M 7RF,UNITED KINGDOM
Karissa Showman,22 GUILDOWN AVENUE,WOODSIDE PARK,LONDON,N12 7DQ,UNITED KINGDOM
Josef Brotzman,63 BOURNE HILL,PALMERS GREEN,LONDON,N13 4LU,UNITED KINGDOM
Monica Nembhard,BURNET WARE AND GRAVES,13 HALF MOON LANE,LONDON,SE24 9JU,UNITED KINGDOM
Kimbery Preuss,14 WOODLANDS AVENUE,FINCHLEY,LONDON,N3 2NR,UNITED KINGDOM
Susy Guadalupe,6TH FLOOR ,338 EUSTON ROAD ,LONDON,NW1 3BG ,UNITED KINGDOM
Ardis Jean,PROVIDENCE HOUSE,458 BETHNAL GREEN ROAD,LONDON,E2 0EA,UNITED KINGDOM
Harriette Tallarico,LONDON BOROUGH OF MERTON,MERTON CIVIC CENTRE,LONDON,SM4 5DX,UNITED KINGDOM
Melodie Thorpe,26 CHRISTIANFIELDS AVENUE,EALING,LONDON,DA12 5NF,UNITED KINGDOM
Angela Cogdill,63 HIGHGATE HIGH STREET,HIGHGATE,LONDON,N6 5JX,UNITED KINGDOM
Marlyn Aumann,MEDIUS HOUSE,2 SHERATON STREET,LONDON,W1F 8BH,UNITED KINGDOM
Thomas Vowels,DOUGHTY STREET CHAMBERS,53-54 DOUGHTY STREET,LONDON,WC1N 2LS,UNITED KINGDOM
Corrine Hudnall,11 ST. ANDREWS CHAMBERS,WELLS STREET,LONDON,W1T 3PJ,UNITED KINGDOM
Verdell Dade,ST MARTIN-IN-THE-FIELDS,TRAFALGAR SQUARE,LONDON,WC2N 4JJ,UNITED KINGDOM
Mallie Westlake,EARLHAM GROVE,FOREST GATE,LONDON,E7 9AW,UNITED KINGDOM
Rocco Caywood,12 KINGS BENCH WALK,TEMPLE,LONDON,EC4Y 7EL,UNITED KINGDOM
Wan Putt,3 PHOENIX PARK ,APSLEY WAY,LONDON,NW2 7LN,UNITED KINGDOM
Britteny Mier,57 CHURCH STREET,LIMAVADY,LONDON,BT49 0BX,UNITED KINGDOM
Casey Triolo,CITY FORUM,250 CITY ROAD,LONDON,EC1V 2QQ,UNITED KINGDOM
Suzie Amerine,EYEGEN OPTICIANS,298 KILBURN HIGH ROAD,LONDON,NW6 2DB,UNITED KINGDOM
Sherril Garber,CHEAPSIDE HOUSE,138 CHEAPSIDE,LONDON,EC2V 6BW,UNITED KINGDOM
Christena Ratcliffe,18 THE ARCHES BUSINESS CENTRE,MERRICK RD,LONDON,UB2 4AU,UNITED KINGDOM
Jay Jerman,149 UPPER RICHMOND ROAD,PUTNEY,LONDON,SW15 2TX,UNITED KINGDOM
Delphine Lamere,137 SHEPHERDESS WALK,LONDON,LONDON,N1 7RQ,UNITED KINGDOM
Eula Waite,76 Hartington Road ,EXHIBITION ROAD,LONDON,LE2 0GN,UNITED KINGDOM
Dennise Lyke,ENTERPRISE CHAMBERS,9 OLD SQUARE,LONDON,WC2A 3SR,UNITED KINGDOM
Lilla Ishibashi,"FLAT 10, PELICAN WHARF",58 WAPPING WALL,LONDON,E1W 3SL,UNITED KINGDOM
Shayne Elser,THE OLD TREACLE FACTORY,24 - 40   GOODWIN ROAD,LONDON,W12 9JW,UNITED KINGDOM
Patti Critchfield,AVENING,PRIORY PARK,LONDON,GL8 8HZ,UNITED KINGDOM
Aisha Norrell,205 FORE STREET,EDMONTON,LONDON,N18 2TZ,UNITED KINGDOM
Clementina Haskell,FLAT 12,55 HOLMES ROAD,LONDON,NW5 3AN,UNITED KINGDOM
Ofelia Prichett,Pennine Business Park,Pilsworth Road,LONDON,OL10 2TL,UNITED KINGDOM
Vern Littell,3RD FLOOR LAWFORD HOUSE,ALBERT PLACE,LONDON,N3 1QA,UNITED KINGDOM
Wanetta Garbutt,74 MUNSTER ROAD,FULHAM,LONDON,SW6 4EP,UNITED KINGDOM
Anthony Gilpatrick,23 Wall Street,124 FINCHLEY ROAD,LONDON,PL1 4GP,UNITED KINGDOM
Chantal Ang,2 HARE COURT,TEMPLE,LONDON,EC4Y 7BH,UNITED KINGDOM
Rhiannon Million,The Beehive,City Place,LONDON,RH6 OPA,UNITED KINGDOM
Arminda Bourbeau,DUANE MORRIS & HECKSHER,4 CHISWELL STREET,LONDON,EC1Y 4UP,UNITED KINGDOM
Nereida Piersall,DEVEREUX CHAMBERS,DEVEREUX COURT,LONDON,WC2R 3JH,UNITED KINGDOM
Lore Sprau,THE PHYSICIANS CLINIC,13-14 DEVONSHIRE STREET,LONDON,W1G 7AE,UNITED KINGDOM
Dorsey Rowan,195 NORTH END ROAD,W KENSINGTON,LONDON,W14 9NL,UNITED KINGDOM
Dolly Bellomy,PHONOGRAPHIC PERFORMANCE LTD,1 UPPER JAMES STREET,LONDON,W1F 9DE,UNITED KINGDOM
Lula Becton,1 WESTFERRY CIRCUS,CANARY WHARF,LONDON,E14 4HA,UNITED KINGDOM
Jerald Redick,7 ELM AVENUE,LUTON,LONDON,LU1 4HS,UNITED KINGDOM
Russel Trueblood,DAISY HOLBORN STUDIOS,49-50 EAGLE WHARF ROAD,LONDON,N1 7ED,UNITED KINGDOM
Wenona Elsworth,CHAMBERS OF JOHN ROSS,1 CHANCERY LANE,LONDON,WC2A 1LF,UNITED KINGDOM
Estelle Aucoin,27b CLIVE ROAD,LONDON,LONDON,SW19 2JA,UNITED KINGDOM
Darrin Rodrick,10 MOOREND CLOSE,43 WESTMINSTER BRIDGE ROAD,LONDON,GL53 0EZ,UNITED KINGDOM
Shaunda Ladson,LONDON BRIDGE HOSPITAL,27 TOOLEY STREET,LONDON,SE1 2PR,UNITED KINGDOM
Jen Sklar,28 PLUMSTEAD HIGH STREET,PLUMSTEAD,LONDON,SE18 1SL,UNITED KINGDOM
Kathyrn Daulton,26 DEVONSHIRE PLACE,SUITE 3,LONDON,W1G 6JE,UNITED KINGDOM
Edith Krikorian,LPC LTD,24 MARTIN LANE,LONDON,EC4R 0DR,UNITED KINGDOM
Yu Gott,JACK DASH HOUSE,2 LAWN HOUSE CLOSE,LONDON,E14 9YQ,UNITED KINGDOM
Otto Weissinger,BRICK COURT CHAMBERS,7-8 ESSEX ST,LONDON,WC2R 3LD,UNITED KINGDOM
Evalyn Tatom,190 HIGH STREET,HARLESDEN,LONDON,NW10 4ST,UNITED KINGDOM
Cordia Carden,MAERSK HOUSE,BRAHAM STREET,LONDON,E1 8EP,UNITED KINGDOM
Gabrielle Rideaux,Suite 2 Fountain House,1a Elm Park,LONDON,HA7 4AU,UNITED KINGDOM
Johnnie Spann,DOUGHTY STREET CHAMBERS,53-54 DOUGHTY STREET,LONDON,WC1N 2LS,UNITED KINGDOM
Coreen Mattes,GRANGEHILL ROAD,ELTHAM,LONDON,SE9 1QG,UNITED KINGDOM
Roseann Lafontaine,PAXTON PRIMARY SCHOOL,WOODLAND ROAD,LONDON,SE19 1PA,UNITED KINGDOM
Tess Banta,SUITE 110,46-48 EAST SMITHFIELD,LONDON,E1W 1AW,UNITED KINGDOM
Galen Leandro,GARDEN COURT CHAMBERS,57-60 LINCOLN'S INN FIELDS,LONDON,WC2A 3LS,UNITED KINGDOM
Adela Colangelo,22A PLUMSTEAD ROAD,WOOLWICH,LONDON,SE18 7BZ,UNITED KINGDOM
Issac Gabourel,56 LONG ACRE,COVENT GARDEN,LONDON,WC2E 9JL,UNITED KINGDOM
Charlott Edmonds,Chambers of Andrew Trollope QC and Richard Christie QC,187 Fleet Street,LONDON,EC4A 2AT,UNITED KINGDOM
Leonarda Seymour,ATLAS ROAD,PLAISTOW,LONDON,E13 0AG,UNITED KINGDOM
Rueben Wire,4 BRICK COURT CHAMBERS,TEMPLE,LONDON,EC4Y 9AD,UNITED KINGDOM
Angelo Saddler,STEPHENSON HOUSE,75 HAMPSTEAD ROAD,LONDON,NW1 2PL,UNITED KINGDOM
Temeka Armenta,BRICK COURT CHAMBERS,7/8 ESSEX STREET,LONDON,WC2R 3LD,UNITED KINGDOM
Muoi Pinson,89a THE BROADWAY,WIMBLEDON,LONDON,SW19 1QE,UNITED KINGDOM
Lizette Spiller,BLACK BOY LANE,TOTTENHAM,LONDON,N15 3AS,UNITED KINGDOM
Lourdes Deane,E B C HOUSE,RANELAGH GARDENS,LONDON,SW6 3PA,UNITED KINGDOM
Cherri Mangione,YORK HOUSE,45 SEYMOUR STREET,LONDON,W1H 7LX,UNITED KINGDOM
Fredericka Brockway,SOUTHWARK COUNCIL,160 TOOLEY STREET,LONDON,SE1 2QH,UNITED KINGDOM
Kenny Luce,FOREST ROAD MEDICAL CENTRE,354-358 FOREST ROAD,LONDON,E17 5JL,UNITED KINGDOM
Janeen Jarnagin,THE CIRCUS SPACE,CORONET STREET,LONDON,N1 6HD,UNITED KINGDOM
Delfina Oboyle,HERITAGE HOUSE,73 BREDGAR ROAD,LONDON,N19 5BS,UNITED KINGDOM
Adella Duane,THE COURTYARD BUILDING,11 CURTAIN ROAD,LONDON,EC2A 3LT,UNITED KINGDOM
Shae Aragon,97 CLARENCE GATE GARDENS,GLENTWORTH STREET,LONDON,NW1 6QP,UNITED KINGDOM
Jesenia Cappel,CORAM CHAMBERS LIMITED,9-11 FULWOOD PLACE,LONDON,WC1V 6HG,UNITED KINGDOM
Jess Biro,YORK HOUSE,45 SEYMOUR STREET,LONDON,W1H 7LX,UNITED KINGDOM
Bette Prock,UNITED HOUSE,NORTH ROAD,LONDON,N7 9DP,UNITED KINGDOM
Neely Stevenson,KENNINGTON DENTAL SURGERY,234 KENNINGTON PARK ROAD,LONDON,SE11 4DA,UNITED KINGDOM
Marianela Giardina,ONE CANADA SQUARE,CANARY WHARF,LONDON,E14 5AB,UNITED KINGDOM
Wilton Schmidt,37 HOLDENHURST AVENUE,BOURNEMOUTH,LONDON,BH7 6RA,UNITED KINGDOM
Simone Mcamis,"UNIT G2, HASTINGWOOD TRADING ESTATE",35 HARBET ROAD,LONDON,N18 3HT,UNITED KINGDOM
Hisako Cropp,YORK HOUSE,45 SEYMOUR STREET,LONDON,W1H 7LX,UNITED KINGDOM
Ok Gervasi,57 POLLARDS HILL NORTH,NORBURY,LONDON,SW16 4NJ,UNITED KINGDOM
Taryn Basaldua,234 DRUMCROON ROAD,COLERAINE,LONDON,BT51 3SQ,UNITED KINGDOM
Veronica Sias,1 KING'S BENCH WALK,TEMPLE,LONDON,EC4Y 7DB,UNITED KINGDOM
Ezekiel Mcgrane,1ST FLOOR,236 GRAY'S INN ROAD,LONDON,WC1X 8HB,UNITED KINGDOM
Coralee Chafin,35 CHARLES STREET,MAYFAIR,LONDON,W1J 5EB,UNITED KINGDOM
My Duenas,2 TEMPLE GARDENS,TEMPLE,LONDON,EC4Y 9AY,UNITED KINGDOM
Dollie Acord,27 GREAT SMITH STREET,WESTMINSTER,LONDON,SW1P 3AZ,UNITED KINGDOM
Loreta Gleaves,GLENURE ROAD,ELTHAM,LONDON,SE9 1UF,UNITED KINGDOM
Dane Giberson,22 Gwynne Avenue,HORNSEY RISE,LONDON,CR0 7RN,UNITED KINGDOM
Barbar Wedding,4 GROSVENOR GARDENS,EAST SHEEN,LONDON,SW14 8BY,UNITED KINGDOM
Isis Orlowski,SION HALL,56 VICTORIA EMBANKMENT,LONDON,EC4Y 0DZ,UNITED KINGDOM
Hue Domenico,SUITE 106,22 NOTTING HILL GATE,LONDON,W11 3JE,UNITED KINGDOM
Steffanie Higginson,THE CHAMBERS OF WILLIAM CLEGG Q C,2 BEDFORD ROW,LONDON,WC1R 4BU,UNITED KINGDOM
Jared Pinkerton,HILLSIDE HOUSE,2-6 FRIERN PARK,LONDON,N12 9BT,UNITED KINGDOM